weather,issue,holidays,fold,test_start,model,MAE_MW
noisy,10am,regional,1,2019-01-01,ridge,1791.7961230645192
noisy,10am,regional,1,2019-01-01,gbm,1286.3667433572596
noisy,10am,regional,1,2019-01-01,mlp,1150.6298476207987
noisy,10am,regional,2,2019-07-01,ridge,1572.3731417975214
noisy,10am,regional,2,2019-07-01,gbm,980.4624767649802
noisy,10am,regional,2,2019-07-01,mlp,938.44727157182
noisy,10am,regional,3,2020-01-01,ridge,1748.026423151389
noisy,10am,regional,3,2020-01-01,gbm,1260.3541199316082
noisy,10am,regional,3,2020-01-01,mlp,1457.6378625821494
noisy,10am,regional,4,2020-07-01,ridge,1180.560270489343
noisy,10am,regional,4,2020-07-01,gbm,954.2745425416506
noisy,10am,regional,4,2020-07-01,mlp,989.5016150923432
none,10am,regional,1,2019-01-01,ridge,1874.2640654195957
none,10am,regional,1,2019-01-01,gbm,1326.7501623196813
none,10am,regional,1,2019-01-01,mlp,1203.9645537510723
none,10am,regional,2,2019-07-01,ridge,1587.4582599401604
none,10am,regional,2,2019-07-01,gbm,1105.534190102293
none,10am,regional,2,2019-07-01,mlp,1010.8645735452335
none,10am,regional,3,2020-01-01,ridge,1773.5076471815878
none,10am,regional,3,2020-01-01,gbm,1312.7242331803639
none,10am,regional,3,2020-01-01,mlp,1418.5674943220235
none,10am,regional,4,2020-07-01,ridge,1196.9690619898122
none,10am,regional,4,2020-07-01,gbm,1071.6452815793864
none,10am,regional,4,2020-07-01,mlp,904.0990625238618
